feature,importance
volume_change,0.11269114797655902
volatility_3m,0.1106956431641923
ret_3m,0.08652329177552015
ret_6m,0.07809713842833035
rsi_14,0.07667835861309732
volatility_6m,0.07208590158512689
ma_ratio_3,0.07138694735712632
ma_ratio_12,0.07132471005110773
month,0.06756772942911263
hl_ratio,0.06706787379108456
ret_1m,0.06290780134171096
ret_12m,0.05015578669509847
drawdown,0.039020058113222164
quarter,0.033797611678711106
